,PARK,name,place_id,rating,user_ratings_total,num_results,address,exists on ChicagoPark District?,other notes
0,MCGUANE (JOHN),McGuane (John) Park,ChIJabfBA0YsDogRaZz7dURkFhc,4.5,583.0,1.0,,,
1,ARMOUR (PHILIP) SQUARE,Armour (Philip) Square Park,ChIJmaLdhRQsDogRuLEiq-h3d6A,4.5,232.0,1.0,,,
2,FULLER (MELVILLE),Fuller (Melville) Park,ChIJhRHtP6EuDogRVO-1m6WWor4,4.5,96.0,1.0,,,
3,CORNELL (PAUL) SQUARE,Cornell Square Park,ChIJt_oR0W4uDogRQKuKC4cufWc,4.0,273.0,1.0,,,
4,RUSSELL (MARTIN) SQUARE,Russell Square Park Pool (Outdoor),ChIJZ4GNXQUoDogR9yd21CinxDc,3.8,80.0,1.0,,,
5,SHERMAN (JOHN),Sherman Park,ChIJUfKcsYouDogR0P6mNFHkYpk,4.2,536.0,1.0,,,
6,DAVIS (DR. NATHAN) SQUARE,Davis (Dr. Nathan) Square Park,ChIJS6Vh3HkuDogRuIWBCrR-Vb4,4.2,299.0,1.0,,,
7,OGDEN (WILLIAM),Ogden (William) Park,ChIJtTg9QgAvDogRIySxatIP6ZU,4.1,594.0,1.0,,,
8,HAMILTON (ALEXANDER),Hamilton Park,ChIJ7XuKkT0vDogR_yXpbXN2HwU,4.2,354.0,1.0,,,
9,CALUMET,Calumet Park,ChIJ3YAIgQ3YEYgR5yqJxPzES7E,4.4,1552.0,1.0,,,
10,WASHINGTON (GEORGE),Washington (George) Park,ChIJ60MasjUpDogRTog3uQ48ISc,4.4,3240.0,1.0,,,
11,NINEBARK,Ninebark Playground Park,ChIJE7Lm6vYyDogRieLyYMMXGrI,3.4,5.0,1.0,,,
12,MARQUETTE (JACQUES),Marquette (Jacques) Park,ChIJgxsfJDswDogRbyg1UxTvQFQ,4.2,1475.0,1.0,,,
13,BESSEMER (HENRY),Bessemer (Henry) Park,ChIJZ_Bz8eAnDogRHqWK-4nq2XU,4.0,263.0,1.0,,,
14,PALMER (POTTER),Palmer Park,ChIJwafU1oMmDogRh-M6INMb2zc,4.2,253.0,1.0,,,
15,CHOPIN (FREDERIC),Chopin (Frederic) Park,ChIJbXGAbWTMD4gRRozwFhwOmXA,4.4,350.0,1.0,,,
16,GRAND CROSSING,Grand Crossing Park,ChIJ-9b6jb8oDogRrf24C6nvWi4,4.2,196.0,1.0,,,
17,TRUMBULL (LYMAN),Trumbull (Lyman) Park,ChIJWwMkf7snDogRkluV6K_ihf0,4.2,58.0,1.0,,,
18,MANN (JAMES),Mann (James) Park,ChIJVTjFCk0nDogRZbDsNt-CMO8,4.4,292.0,1.0,,,
19,TULEY (MURRAY),Tuley (Murray) Park,ChIJ6cB0bwQmDogR29rO6zYNAgA,4.3,364.0,1.0,,,
20,JACKSON (ANDREW),Jackson (Andrew) Park,ChIJ69_oRgcpDogRbMp0Svo9ogg,4.5,6308.0,1.0,,,
21,GAGE (GEORGE),Gage (George) Park,ChIJZ33fWzwuDogRJk2HcKy9J9I,4.1,315.0,1.0,,,
22,MCKINLEY (WILLIAM),McKinley Park,ChIJLTf_D8QtDogR1k0ZWxib1FY,0.0,0.0,0.0,,,
23,GRANT (ULYSSES),Grant Park,ChIJhU2sZqAsDogRtIzPkFS5qj0,4.7,18925.0,1.0,,,
24,FOSTER (J. FRANK),Foster Park Playground,ChIJTT9c0YMvDogRSeqC5EfeYjY,4.4,10.0,1.0,,,
25,BURNHAM (DANIEL),Burnham Park,ChIJiRJRMHUpDogRSGnD8NIm-rA,4.6,3701.0,1.0,,,
26,AVALON,Avalon Park,ChIJuTPsEpkoDogRql41ycZhvGY,4.2,289.0,1.0,,,
27,RAINEY (EDWARD),Rainey Park,ChIJ_xohD2UwDogRroBRN3EJQnU,4.4,210.0,1.0,,,
28,NORTHERLY ISLAND,Northerly Island Park,ChIJvcOdsnArDogR4_zX40iP_ps,4.7,1430.0,1.0,,,
29,GOMPERS (SAMUEL),Gompers (Samuel) Park,ChIJ09FIc9XND4gRNzSQWhIl68M,4.5,568.0,1.0,,,
30,BOHN (HENRY),Bohn (Henry) Park,ChIJb1lPwnAlDogRVnocAz_gIqY,4.0,3.0,1.0,,,
31,CRESCENT,Crescent Park,ChIJYesJAeAkDogRoTdBNYKFZFQ,4.6,77.0,1.0,,,
32,KENNEDY (DENNIS),Kennedy (Dennis) Park,ChIJgznpscQkDogRuXau5ysCbOk,4.5,273.0,1.0,,,
33,CRAWFORD (PETER),Crawford Park,ChIJz6mg0vkyDogR2-ww6YazubE,0.0,0.0,0.0,,,
34,FIELD (EUGENE),Field (Eugene) Park,ChIJyaR18djND4gRg2Hs1yBU6HA,4.5,258.0,1.0,,,
35,KIWANIS,Kiwanis Park,ChIJeSUP0OPND4gRMiWs6SIy8PY,4.5,30.0,1.0,,,
36,ADA (SAWYER GARRETT),Ada (Sawyer Garrett) Park,ChIJqXs7PlckDogRS2CeQDq4BAY,4.1,259.0,1.0,,,
37,PROSPECT GARDENS,Prospect Gardens Park,ChIJhZXnYRclDogRnagN117sG4U,4.4,19.0,0.0,,,
38,ALMOND,Almond Park,ChIJPau2t-kkDogR6HcLskiZYXc,4.0,8.0,1.0,,,
39,MONUMENT,Monument Park,ChIJPX2DzYvJD4gR_Pvxmivshx0,5.0,2.0,1.0,,,
40,ORIOLE,Oriole Park,ChIJV1nZjH_JD4gRf-L7WsKako8,4.4,339.0,1.0,,,
41,OLYMPIA,Olympia Park,ChIJb2cfDKDJD4gRIxpj3tMGgF0,4.4,132.0,0.0,,,
42,KOSCIUSZKO (THADEUZ),Kosciuszko (Thadeuz) Park,ChIJxX_Y3g7ND4gRApNrFFiFnbI,4.4,601.0,1.0,,,
43,BROOKS (OSCAR),Brooks (Oscar) Park,ChIJCa9FrgXJD4gRF_ONMklgebU,4.5,100.0,0.0,,,
44,EDISON (THOMAS ALVA),Edison Park,ChIJ-4NmcAjJD4gRcS0mHWgYySQ,0.0,0.0,0.0,,,
45,FERNWOOD,Fernwood Park,ChIJ5Rj1MrYlDogRe2oOgo_zDoY,4.3,224.0,0.0,,,
46,EUCLID,Euclid Park,ChIJK4-Ap-olDogRsilp-8BpRxU,4.0,104.0,1.0,,,
47,FOREST GLEN,Forest Glen Park,ChIJOUcd0Z_OD4gR1PgYHUnb5PE,4.5,40.0,1.0,,,
48,HOLLYWOOD,West Thorndale Avenue,ChIJVXljsB3OD4gR28EAToDl114,0.0,0.0,0.0,,,
49,ATHLETIC FIELD,Athletic Field Park,ChIJMx-a45fND4gRvBK6beREczc,4.5,118.0,1.0,,,
50,AVONDALE,Avondale Neighborhood Park,ChIJjcWgKp_ND4gRlli-_3KcyN4,4.4,78.0,1.0,,,
51,JENSEN (CHRIST),Jensen (Daniel) Park,ChIJF50rQcPND4gRGlWtju-GMY4,4.2,81.0,1.0,,,
52,INDEPENDENCE,Independence Park,ChIJfbxUbLnND4gR64SWNrL1ay4,4.6,666.0,0.0,,,
53,KILBOURN,Kilbourn Park,ChIJyeyqBVPMD4gRf8DglpgdKnY,4.4,337.0,1.0,,,
54,KOLMAR,Gertrud Kolmar Park,ChIJx4EbBErMD4gRxg1g8fQlBTQ,4.5,49.0,1.0,,,
55,MAYFAIR,Mayfair Park,ChIJBYy4XzHMD4gRd5heTBg0XYo,4.6,176.0,1.0,,,
56,NORTH MAYFAIR,North Mayfair Park,ChIJLTUnYSnMD4gRcRjrKvw0i3E,0.0,0.0,0.0,,,
57,ROSEDALE,Rosedale Park,ChIJpyJqjE_JD4gRrYhN5UOs-KY,4.6,90.0,1.0,,,
58,GLADSTONE (WILLIAM),Gladstone (William) Park,ChIJY1COR6rOD4gR3xKPnvVcBhY,4.5,101.0,1.0,,,
59,HURLEY (TIMOTHY),Hurley Park,ChIJzwEbjxElDogRzqwe5mQYrUw,0.0,0.0,2.0,,,
60,JEFFERSON (THOMAS) MEML.,Jefferson (Thomas) Memorial Park,ChIJBfXOYRrMD4gRUA0c-rGN-0A,4.4,325.0,1.0,,,
61,ROBERTS (DANIEL) SQUARE,Roberts (David) Square Park,ChIJEbBd1BjMD4gRdskHSZMB0kQ,4.6,138.0,1.0,,,
62,LINCOLN (ABRAHAM),Lincoln Park,ChIJM07VSb_TD4gRGfVxaUzpovo,4.7,19746.0,1.0,,,
63,CHASE (SALMON),Chase Park,ChIJ41HHfiXSD4gRuk7VPrGfx_0,4.5,402.0,1.0,,,
64,EMMERSON (LOUIS),Emmerson (Louis) Park,ChIJHwSbW5XRD4gRpvnCdjB2atg,4.4,105.0,1.0,,,
65,GOUDY (WILLIAM) SQUARE,Goudy (William) Square Playground Park,ChIJGXAymlrTD4gRa4uHp6YwCD0,4.7,107.0,1.0,,,
66,HAMLIN (HANNIBAL),Hamlin Park,ChIJhbpJ1WHSD4gRkqsImdZ1fZc,4.5,517.0,1.0,,,
67,LAKE SHORE,,ChIJQcAEflXTD4gRhbHDvLihMIg,4.5,576.0,0.0,808 N. Lake Shore Drive,https://www.chicagoparkdistrict.com/parks-facilities/lake-shore-park,
68,WILSON (FRANK),Wilson (Frank J.) Park,ChIJ538ETRbMD4gRlkaz6FEgEYU,4.6,200.0,0.0,,,
69,SEWARD (WILLIAM),Seward (William) Park,ChIJFXvJLjbTD4gRN_70x_IE43g,4.3,431.0,1.0,,,
70,STANTON (EDWIN),Stanton (Edwin) Park,ChIJu8vcfjrTD4gRYSrfd2aOB-4,4.4,189.0,1.0,,,
71,WELLES (GIDEON),Welles (Gideon) Park,ChIJa63DtxHSD4gRv-rlHDzJtoY,4.6,1126.0,1.0,,,
72,LOYOLA,Loyola Park,ChIJdXNg86nRD4gR1-hJ2H9Q2a4,4.6,1436.0,0.0,,,
73,DOUGLASS (ANNA & FREDERICK),Douglass (Anna & Frederick) Park,ChIJHTTdJoIyDogRNlRFL_f-pko,4.3,604.0,1.0,,,
74,"BELL (GEORGE,JR.)","Bell (George, Jr.) Park",ChIJSR5xLAvLD4gRyQMQvWqWkvM,4.3,284.0,1.0,,,
75,BLACKHAWK,Blackhawk Park,ChIJl0-fD-zMD4gR6Kk07QtsTBY,4.3,372.0,1.0,,,
76,RIIS (JACOB),Riis Park,ChIJKz4AeWbLD4gRRz0n6P8bN-0,4.5,624.0,1.0,,,
77,SIMONS (ALMIRA),Simons (Almira) Park,ChIJLbkOLkfND4gREWZWTcoTm-E,4.3,86.0,1.0,,,
78,HERMOSA,Hermosa Park,ChIJp1WYY-HMD4gRloFc7PKdnGA,4.3,159.0,1.0,,,
79,KELVYN (WILLIAM),Kelvyn (William) Park,ChIJdWOMdf3MD4gRneflD5bKVI8,4.3,478.0,1.0,,,
80,RUTHERFORD SAYRE,Rutherford Sayre Park,ChIJ5_0LPBXLD4gRNQdojw5Awwo,4.6,197.0,1.0,,,
81,MOZART (AMADEUS),Mozart (Amadeus) Park,ChIJqbhXOBbND4gR0Zg2NVZ4OuU,4.4,237.0,1.0,,,
82,AMUNDSEN (ROALD),Amundsen (Roald) Park,ChIJP8wg2l7LD4gR-pE-o8mobFc,4.3,332.0,1.0,,,
83,GALEWOOD,Galewood Park,ChIJc2cIhqTMD4gRWsGlb5rJ6qM,4.0,70.0,1.0,,,
84,CRAGIN,Cragin Park,ChIJoa5MXY3MD4gRq9rVvn4thMc,4.2,203.0,0.0,,,
85,GREENEBAUM (HENRY),Greenebaum (Henry) Park,ChIJxfo0NCHND4gRCQYoXGoAtsw,4.1,170.0,1.0,,,
86,PLEASANT POINT,Pleasant Point Park,ChIJlYPJMRXJD4gRS-q4Vi_Hm88,4.5,53.0,1.0,,,
87,NORWOOD,North Natoma Avenue,ChIJr1H3UVzJD4gRP2CPQm-Ecp8,0.0,0.0,0.0,,,
88,PORTAGE,Portage Park,ChIJJQKHOm3MD4gRppBKQj6E98Q,4.6,601.0,1.0,,,
89,SHABBONA,Shabbona Park,ChIJjbfVWqHLD4gRUmEtBsKhZf8,4.4,533.0,1.0,,,
90,JACOB,Jacob Playlot Park,ChIJhS4wBfjND4gR-G5AwshAPL4,4.6,48.0,1.0,,,
91,BUFFALO,Buffalo Park,ChIJQRQOMvbND4gR7W6FaybpxUg,4.0,39.0,1.0,,,
92,SUNKEN GARDENS,Sunken Gardens Park,ChIJ6xpsqgnSD4gRC2ZCdC_GHO0,4.4,65.0,1.0,,,
93,RAVENSWOOD MANOR,Ravenswood Manor Park,ChIJYZMee_fND4gR3NR6gtpZqQQ,4.7,193.0,1.0,,,
94,INDIAN BOUNDARY,Indian Boundary Park,ChIJEzbJudbRD4gRuoetafrYhi4,4.7,977.0,1.0,,,
95,DURKIN (MARTIN),Durkin (Martin) Park,ChIJqakAjXgwDogRooXxyLCmexI,4.4,115.0,1.0,,,
96,POTTAWATTOMIE,Pottawattomie Park,ChIJd163qErQD4gRlNKBsZzhH0E,4.3,547.0,1.0,,,
97,CHIPPEWA,Chippewa Park,ChIJ85aKtVLPD4gRh9-iRXkTkXI,4.6,18.0,1.0,,,
98,MATANKY (EUGENE),Matanky (Eugene) Park,ChIJjco_-cjRD4gRGCAj56h71WI,4.4,21.0,1.0,,,
99,RIDGE,Ridge Park,ChIJj27rqBIlDogRs1dIMNw1IKY,4.5,325.0,1.0,,,
100,COSME (MARGARET),Cosme (Margaret) Park,ChIJh5FnVGUlDogRnV2ho7s8gK4,4.9,10.0,1.0,,,
101,BRAINERD,Brainerd Park,ChIJH7cjR4MlDogR068ogdiAamU,4.2,237.0,1.0,,,
102,GRAVER (PHILIP),Graver Park,ChIJr_w-YwglDogRxsisciWDCXo,4.1,109.0,1.0,,,
103,REVERE (PAUL),Revere (Paul) Park,ChIJDWIjhXPSD4gR-gs7n9_hUns,4.4,184.0,1.0,,,
104,RIVER,River Park,ChIJBWB10f3ND4gRUmPnm1mL2DA,4.6,819.0,1.0,,,
105,BRANDS,Brands Park,ChIJ2-ZI2YDND4gRVbxiRFrysdU,4.4,223.0,1.0,,,
106,GREEN BRIAR,Green Briar Park,ChIJiVW_8uHRD4gREwm8C_8f4l0,4.2,153.0,1.0,,,
107,COOPER (JACK),Cooper (Jack Leroy) Park,ChIJq2-b414kDogRlOQNa95YA9w,4.1,84.0,1.0,,,
108,CALIFORNIA,California Park,ChIJbVwa-InND4gRFl4TqzLuOXI,4.7,35.0,1.0,,,
109,SAUGANASH,Sauganash Park,ChIJf25CJojOD4gRRH1DEUDPphM,4.5,153.0,1.0,,,
110,LA FOLLETTE (ROBERT),La Follette (Robert) Park,ChIJaQhPHMnMD4gR-PQ3dDJjshw,4.3,458.0,1.0,,,
111,FRANKLIN (BENJAMIN),Franklin (Benjamin) Park,ChIJs87-z_4yDogRb7TYZ_ZNkm0,4.1,157.0,1.0,,,
112,HOLSTEIN,Holstein Park,ChIJI_8AKZHSD4gREcvN6m8nJAk,4.5,347.0,1.0,,,
113,GARFIELD (JAMES),Garfield (James) Park,ChIJd4nVVMcyDogRWgIDuaJ7yaQ,4.3,528.0,1.0,,,
114,SHERIDAN (PHILIP HENRY),Sheridan (Philip Henry) Park,ChIJRSDd2OMsDogRNPueue5nY_4,4.4,318.0,1.0,,,
115,ALTGELD (JOHN),Altgeld (John) Park,ChIJVxC842gtDogRiM5kHu19sqI,3.9,186.0,1.0,,,
116,AUSTIN TOWN HALL,Austin Town Hall Park,ChIJG87z8E8zDogRk3lVexzSc2k,4.2,379.0,1.0,,,
117,ECKHART (BERNARD),Eckhart (Bernard) Park,ChIJnxSh6NTSD4gRmUscZt442RU,4.4,554.0,1.0,,,
118,COLE (NAT KING),Nat King Cole Park,ChIJP_VWuqsoDogRAzinczSPau0,4.3,367.0,1.0,,,
119,COLUMBUS (CHRISTOPHER),Columbus Park,ChIJm0OikmYzDogRN0xOhf316WQ,4.3,987.0,1.0,,,
120,UNION,Union Park,ChIJOX-9ciUtDogRxlQoBqza5fs,4.4,1060.0,1.0,,,
121,SKINNER (MARK),Skinner (Mark) Park,ChIJyVSwayEtDogRgCCPqx7Qc1Q,4.6,628.0,0.0,,,
122,HALE (NATHAN),Hale (Nathan) Park,ChIJB2N5ndU2DogRquhYAOYcjFM,4.4,330.0,1.0,,,
123,SHEDD (JOHN G.),Shedd (John G.) Park,ChIJfUQkemcyDogRbeB2Ohb__e4,4.0,77.0,1.0,,,
124,HARRISON (CARTER),Harrison Park,ChIJHb39BQotDogR02ws8ypx_LQ,4.5,1338.0,1.0,,,
125,"WICKER (CHARLES, JOEL)","Wicker (Charles, Joel) Park",ChIJrUv3hMfSD4gRuiS9z5fg7x4,4.6,1026.0,1.0,,,
126,ARRIGO (VICTOR),Arrigo (Victor) Park,ChIJHU7dbx4tDogRBc4lMxM5XXc,4.6,454.0,1.0,,,
127,ELM,Elm Park,ChIJsdwLf2kpDogR0cStbuW5z4s,4.6,26.0,1.0,,,
128,DVORAK (ANTON),Dvorak (Anton) Park,ChIJr8B7w1UsDogR4_lUHwV2SxQ,4.5,374.0,1.0,,,
129,PULASKI (CASIMER),Pulaski (Casimer) Park,ChIJvYBDAdrSD4gRVbPvHF117Mc,4.4,212.0,1.0,,,
130,HUMBOLDT (BARON VON),Humboldt (Alexander Von) Park,ChIJHUq__lnND4gRMOu_iKieK30,4.7,3012.0,1.0,,,
131,WEST PULLMAN,West Pullman Park,ChIJi7bfDxEkDogRZL1ILal0Nhg,4.2,229.0,1.0,,,
132,MATHER (STEPHEN TYNG),Mather (Stephen Tyng) Park,ChIJqXu1QRzOD4gRn9MK1X8FY3k,4.4,262.0,1.0,,,
133,SENN (NICHOLAS),Senn (Nicholas) Park,ChIJ40imopDRD4gRP-onPzu6O9A,4.6,261.0,1.0,,,
134,HORNER (HENRY),Horner (Henry) Park,ChIJkSl-lArSD4gRFIS04bEWHIs,4.6,1576.0,1.0,,,
135,HIAWATHA,Hiawatha Park,ChIJ_5LFHlrKD4gRY3YnVGDeUM8,4.5,352.0,1.0,,,
136,PIOTROWSKI (LILLIAN),Piotrowski (Lillian) Park,ChIJVZOR9DYyDogRR1tDz44mDmw,4.2,753.0,1.0,,,
137,GRAPE,Grape Park,ChIJF-87Tn7ND4gRuOg6pPIfh5I,4.4,10.0,0.0,,,
138,ROSENBLUM (J. LESLIE),Rosenblum Park,ChIJrTIkPV8oDogRHNinAcFMmkY,4.2,178.0,1.0,,,
139,ECKERSALL (WALTER HERBERT),Eckersall (Walter Herbert) Park,ChIJr2jCDXIoDogRhDz8FA5b04M,4.2,113.0,1.0,,,
140,VITTUM (HARRIET ELIZABETH),Vittum (Harriet Elizabeth) Park,ChIJzZhbx20xDogR__M7H95uo4c,4.3,213.0,1.0,,,
141,SPRUCE,Spruce Park,ChIJixkolG0pDogRjIXDspoomj4,0.0,0.0,2.0,,,
142,OAKDALE,Oakdale Park,ChIJvSzu3JklDogRjCRSNWOYzA0,4.2,86.0,1.0,,,
143,ROBINSON (JACKIE),Jackie Robinson Park,ChIJa6NTDLIlDogRvVHLBXQZ5to,4.5,252.0,1.0,,,
144,OWENS (JESSE),Owens (Jesse) Park,ChIJKb-TYX8oDogRPlNLFG3m6qQ,4.4,345.0,0.0,,,
145,WENTWORTH (JOHN),Wentworth (John) Park,ChIJfxjzKT03DogRjXMZOrRosIA,4.5,58.0,1.0,,,
146,DAWES (CHARLES),Dawes (Charles G.) Park,ChIJHXY2CJIvDogR80aLs-k8_fU,4.2,134.0,1.0,,,
147,ROGERS (PHILLIP),Rogers (Phillip) Park,ChIJPxCq4dTRD4gRvSOXy_8pVRM,4.4,191.0,1.0,,,
148,HAYES (FRANCIS),Hayes (Francis) Park,ChIJM57e3P8vDogRIfNKZ3TaQT0,4.3,295.0,1.0,,,
149,LINDBLOM (ROBERT),Lindblom (Robert) Park,ChIJUwj_P0kuDogRrP5lLiN4hPc,4.4,156.0,1.0,,,
150,GATELY (JAMES),Dr. Conrad Worrill Track & Field Center,ChIJieJQO2kmDogRTozh7465P9k,4.4,569.0,1.0,,,
151,DUNHAM (ROBERT),Dunham (Robert) Park,ChIJiU77T_DLD4gRkaOhPga6ttM,4.4,351.0,1.0,,,
152,WEST LAWN,West Lawn Park,ChIJ022wR1IwDogRQ59oyl0JFyw,4.4,536.0,1.0,,,
153,TOUHY (PATRICK),Touhy Park,ChIJMyfHs7TRD4gRtGhvu0doCCw,4.2,297.0,1.0,,,
154,PASTEUR (LOUIS),Pasteur (Louis) Park,ChIJKX0hUa8xDogRlJKJTIM1xnM,4.4,456.0,1.0,,,
155,ROWAN (WILLIAM),Rowan (William) Park,ChIJGVs4xoLYEYgRi63rFHAbd4Q,4.3,163.0,1.0,,,
156,WEST CHATHAM,West Chatham Park,ChIJB3eOEFsvDogROhcRIF-j5Ks,4.1,150.0,1.0,,,
157,ARCHER (WILLIAM BEATTY),Archer (William Beatty) Park,ChIJO4rQy50xDogRk8JkYI2xtnQ,4.4,437.0,1.0,,,
158,EHRLER (WILLIAM),Ehrler (William) Park,ChIJZajYHZbSD4gRGNL_bZa3yJM,4.4,96.0,1.0,,,
159,MOUNT GREENWOOD,Mt. Greenwood Park,ChIJ-UtnZSM7DogRagQ69M3ty5w,4.5,463.0,1.0,,,
160,BEVERLY,Beverly Park,ChIJdQGKOjslDogRHkBoLZ7mirs,4.3,204.0,1.0,,,
161,CARVER (GEORGE WASHINGTON),Carver (George Washington) Park,ChIJhfeF2OIhDogRassOYseILGk,4.7,20.0,1.0,,,
162,MERRIMAC,Merrimac Park,ChIJofnTYKosDogR8iJhcHRo9oQ,4.5,318.0,1.0,,,
163,WILDWOOD,Wildwood Park,ChIJFcyF9S3JD4gRZsLuL8IFUvQ,4.5,92.0,1.0,,,
164,LINDEN,Linden Park,ChIJSS1tHzLND4gRXlYdHbTl_5w,0.0,0.0,2.0,,,
165,ABBOTT (ROBERT),Abbott (Robert) Park,ChIJvX8aF-ElDogRws8sWkRmL60,4.2,299.0,1.0,,,
166,KELLY (EDWARD),Kelly (Edward) Park,ChIJU7JtdP4tDogRT3BSG1bolbE,4.2,319.0,1.0,,,
167,WILLIAMS (DANIEL HALE),Williams (Daniel Hale) Park,ChIJ9Tni1HEsDogRm8v-P6ftVfY,4.2,35.0,1.0,,,
168,SCOTTSDALE,Scottsdale Park,ChIJpX-6R34wDogRJBGIECRGB-g,4.3,118.0,1.0,,,
169,STATEWAY,Park Boulevard,ChIJy4Ak2Q8sDogR49YRW8WtbTU,0.0,0.0,1.0,,,
170,DUNBAR (PAUL LAURENCE),Dunbar (Paul Laurence) Park,ChIJ7xd62XUsDogRbLUtrVdvEj4,4.5,570.0,1.0,,,
171,ADDAMS (JANE),Addams (Jane) Memorial Park,ChIJOeKUdVMrDogRmMZVEmCCSdE,4.5,224.0,1.0,,,
172,LAKE MEADOWS,Lake Meadows Park,ChIJlbo68IwrDogRCYSjylqMkuw,4.3,185.0,1.0,,,
173,BOGAN (WILLIAM),Bogan Park,ChIJvYxDzXMwDogRaJQRLsX9OwM,4.1,39.0,1.0,,,
174,TAYLOR (ROBERT ROCHON),Robert Taylor Park,ChIJN-5_va8uDogRp8H6FrAWthY,4.3,290.0,1.0,,,
175,SMITH (WENDELL),Smith (Wendell) Park,ChIJgcvkSsIlDogRR5cZ9nlHY9s,3.8,48.0,1.0,,,
176,LERNER (LEO),Lerner (Leo) Park,ChIJeVnk7S_OD4gRxltObT_gFo4,4.6,124.0,1.0,,,
177,AUSTIN FOSTER,Austin Foster Park,ChIJx4mWNP7LD4gR6l7k7IedaLg,4.4,269.0,1.0,,,
178,WENTWORTH (JOHN) GARDENS,Wentworth (John) Park,ChIJfxjzKT03DogRjXMZOrRosIA,4.5,58.0,1.0,,,
179,LEGION,Legion Park,ChIJlWEDhQXOD4gR6EN3_b89CrI,4.6,401.0,0.0,,,
180,RONAN (GEORGE),Ronan (George) Park,ChIJdU-n4_vND4gRSS_biV-AwQM,4.6,229.0,1.0,,,
181,NICHOLS (JOHN FOUNTAIN),Nichols (John Fountain) Park,ChIJ9VgUgmwpDogRnWH3s78klsk,4.6,356.0,1.0,,,
182,"HOUSTON (JESSIE ""MA"")","Houston (Jessie ""Ma"") Park",ChIJ25PYPtUpDogRazfbOUg8y48,4.8,9.0,1.0,,,
183,GOLDEN GATE,Golden Gate Park,ChIJmSp646wmDogRVzY2UUdHPKc,4.1,67.0,1.0,,,
184,BROWN (SIDNEY) MEML.,Brown (Sidney) Memorial Park,ChIJ1Qeor6kpDogRqZ98tQ9t68I,4.6,14.0,1.0,,,
185,SOUTH LAKEVIEW,South Lakeview Playground Park,ChIJ9SMzGP_SD4gRHGT_ldaBKRw,4.4,80.0,1.0,,,
186,STOUT (FLORENCE),Stout (Florence) Park,ChIJ9e41QEApDogRD_GQ6JozyAA,4.6,40.0,1.0,,,
187,COLEMAN (BESSIE),Coleman (Bessie) Park,ChIJp3g-tEApDogRo-vgolDo4G4,4.3,46.0,1.0,,,
188,CORNELL (PAUL),Cornell (Paul) Park,ChIJKTxGQXMpDogRLktocqF7BAk,4.4,25.0,2.0,,,
189,UNITY,Unity Park,ChIJM0av2XPND4gRakwam_YpFR8,4.6,335.0,0.0,,,
190,HASAN (ELLIOT),Hasan (Elliot) Park,ChIJvfy23k0oDogRcWLXd0cjDug,4.2,15.0,1.0,,,
191,BARAGA (FREDERICK),Baraga (Frederick) Park,ChIJb18uxZktDogRdt1Q8aOCYUM,4.3,17.0,1.0,,,
192,DOOLEY (THOMAS),Dooley (Thomas) Park,ChIJW7xoXBcwDogRq2GpCikOSs4,4.2,30.0,1.0,,,
193,HICKORY,Hickory Park,ChIJoQ5nVdPTD4gR_9QwFaAxuJA,0.0,0.0,2.0,,,
194,"SENKA (EDWARD ""DUKE"")","Senka (Edward ""Duke"") Park",ChIJLWvfHsQxDogR3Qgh6_q9RQc,4.3,676.0,1.0,,,
195,WOLCOTT (ALEXANDER),Wolcott Playground Park,ChIJ_YmSqLMvDogRBt3wqVHCx-8,4.2,5.0,0.0,,,
196,LE CLAIRE COURTS - HEARST COMM. CTR,LeClaire Courts-Hearst Park,ChIJN5mY9mMxDogRp5nktxyn5Vg,4.3,149.0,1.0,,,
197,DUBKIN (LEONARD),Dubkin Park,ChIJo3Xb_kzQD4gRxkhc4TPiuYk,0.0,0.0,0.0,,,
198,MINUTEMAN,Minuteman Park,ChIJTYYCGyQxDogRyN24MAG2qWc,4.3,98.0,0.0,,,
199,MOCCASIN RANCH,Moccasin Ranch Park,ChIJx0C7Zx4pDogRMASQ4Ia-Nls,5.0,2.0,1.0,,,
200,ROBICHAUX (JOSEPH),Robichaux (Joseph) Park,ChIJSyBUxO0lDogRexpJ2wixdhY,4.2,106.0,1.0,,,
201,ASPEN,Aspen Playlot Park,ChIJNdDgPAIsDogRww9ZFULRLHU,4.0,13.0,0.0,,,
202,BIRCH,Birch Park,ChIJJe11TFQpDogRsRZE1N7gu98,4.8,5.0,0.0,,,
203,POPLAR,Poplar Park,ChIJYaExMwcsDogRcawrSz2-K-Y,0.0,0.0,0.0,,,
204,HARSH (VIVIAN G.),Harsh Playground Park,ChIJ-cqtuGEpDogRr4_AsxoN7VE,4.8,9.0,1.0,,,
205,HOLLY,Holly Park,ChIJLzeXq-YrDogR1ZejbaE8Rlc,4.3,7.0,0.0,,,
206,PARK NO. 326,Park No. 326,ChIJk3_1siQpDogRT7fjGoA3Q6k,0.0,0.0,1.0,,,
207,BEEHIVE,Beehive Park,ChIJp3ZUqhspDogRWMrSjo8VLnM,4.4,10.0,1.0,,,
208,PRAIRIE WOLF,Prairie Wolf Park,ChIJG8iIWiEpDogRvkHfC1IWF4Q,4.0,27.0,1.0,,,
209,JEFFERSON (NANCY),Jefferson (Thomas) Memorial Park,ChIJBfXOYRrMD4gRUA0c-rGN-0A,4.4,325.0,1.0,,,
210,THROOP (AMOS GAGER),Throop Park,ChIJ4Q2DGAAtDogRCNjXs7y8U3k,4.4,38.0,1.0,,,
211,FLYING SQUIRREL,Flying Squirrel Park,ChIJSXbc0uEoDogRoIh3_WTGC1I,4.1,28.0,1.0,,,
212,BARBERRY,Barberry Park,ChIJUZ-IemItDogRDhDmc0P_rQ0,3.0,3.0,1.0,,,
213,MAGNOLIA,Magnolia Playlot Park,ChIJL-Sk5pkyDogRevePbda7tzA,4.4,17.0,1.0,,,
214,"KING (MARTIN LUTHER, JR.)","King (Dr. Martin Luther, Jr.) Park",ChIJRU4jYs0vDogRyIAKGGL3_1E,4.4,9.0,0.0,,,
215,EDGEBROOK,Edgebrook Park,ChIJ7c2ENsHOD4gR6W1togGGbqo,4.4,68.0,1.0,,,
216,HUCKLEBERRY,Huckleberry Playground Park,ChIJNxlZDRkpDogRAStcNWIZxVo,3.6,8.0,1.0,,,
217,PENDLETON (HADIYA),Hadiya Pendelton Park,ChIJGcghVFUpDogRQH_EDVrXLFE,4.6,23.0,1.0,,,
218,BOSWELL (ARNITA YOUNG),Boswell (Arnita Young) Park,ChIJubavd-AoDogREhIy-ZvxfNo,4.1,23.0,1.0,,,
219,ASTER,Aster Playlot Park,ChIJyapf9NLTD4gRV6ZBKRZdPmU,3.4,20.0,1.0,,,
220,DOGWOOD,Dogwood Park,ChIJZQJW0mMtDogRmLUj_arLtPU,3.4,11.0,1.0,,,
221,GINKGO,Ginkgo Park,ChIJMed9Z4kyDogR27ILOQerllI,0.0,0.0,0.0,,,
222,GOOSEBERRY,Gooseberry Playlot Park,ChIJf8Gj3y3SD4gRRY-tB6qgLs0,4.6,28.0,1.0,,,
223,HONEYSUCKLE,Honeysuckle Playlot Park,ChIJ-7gKtlApDogRn4Eq_sp7-II,3.8,15.0,1.0,,,
224,REYES (GUADALUPE),Reyes (Guadalupe) Park,ChIJ37KY-vcsDogRRXUApuRdORc,4.4,52.0,1.0,,,
225,HORNBEAM,Hornbeam Park,ChIJxZxZcPQyDogRegjW3glfcdQ,0.0,0.0,0.0,,,
226,RAILROAD JUNCTION,Railroad Junction Playlot Park,ChIJ8wDFGsQoDogRBjcBsqSyM6Q,4.0,16.0,1.0,,,
227,LIN (MARGARET HIE DING),Margaret Hie Ding Lin Park,ChIJ333VTIYsDogR2-X39dBlfYs,4.7,24.0,1.0,,,
228,VIOLET,Violet Park,ChIJ-8ATEOUyDogRFTl3zoBFwpM,0.0,0.0,0.0,,,
229,BROOKS (GWENDOLYN),Gwendolyn Brooks Park,ChIJiYwxOV4pDogRPG9EwXyB0w8,4.4,65.0,0.0,,,
230,BURNSIDE (AMBROSE),Burnside (Ambrose) Park,ChIJ_YIQET0mDogRMCmkQnpNQ4w,4.3,25.0,1.0,,,
231,GILL (JOSEPH),Gill (Joseph) Park,ChIJGfGNBLfTD4gREnCE33raknE,4.4,200.0,1.0,,,
232,BAULER (MATHIAS),Bauler (Mathias) Park,ChIJuWD9kxXTD4gReAN5DAZFOSo,4.5,69.0,1.0,,,
233,DEJULIO (ANTHONY),Anthony J De Julio Park,ChIJmRgOjZbOD4gR0e8lv1ERsOE,4.6,11.0,1.0,,,
234,WHITE (EDWARD),White (Edward H.) Park,ChIJ-SbQdmYkDogRKi3AKAQRjbc,5.0,2.0,0.0,,,
235,DOUGHERTY (DANIEL),Dougherty (Daniel) Park,ChIJ2-oBIpknDogRr8R_YPHHS10,4.3,4.0,1.0,,,
236,STARS & STRIPES,Stars and Stripes Park,ChIJc9YtT9w3DogRDS966oNQHDg,4.6,31.0,2.0,,,
237,VALLEY FORGE,Valley Forge Park,ChIJ204ZzeA2DogRY3JJxTn6Q_c,4.5,123.0,1.0,,,
238,KUJAWA (CHESTER FRANK),Kujawa Park,ChIJ4-k7PYYxDogRitnoz-j1p6I,4.3,27.0,1.0,,,
239,BLACKWELDER (GERTRUDE),"Blackwelder (I.S., Gertrude) Park",ChIJGW1BjO4kDogREpkYcs8yMz4,3.9,58.0,1.0,,,
240,PRIVET,Privet Park,ChIJdTcc-iHTD4gRRy3qHpjhkWI,4.6,9.0,0.0,,,
241,PARK NO. 382,Park 382,ChIJrcgSbGYvDogRr4jAV7T_85k,0.0,0.0,0.0,,,
242,GOLDBERG (LOUIS),Louis Goldberg Playlot Park,ChIJ40y_za3RD4gRLT1neo-slU4,4.6,30.0,1.0,,,
243,BUTTERCUP,Buttercup Park,ChIJm5YSSNTTD4gRyOVIRCNLZwM,4.1,186.0,1.0,,,
244,JACKSON (MAHALIA),Jackson (Mahalia) Park,ChIJQ9ZitWAvDogR3-ruGNyx3_Q,4.2,10.0,1.0,,,
245,HOARD (EDISON),Hoard Playground Park,ChIJpUAZg8IoDogRqtBvhFg3pL4,3.8,4.0,1.0,,,
246,WASHINGTON (DINAH),Dinah Washington Park,ChIJe8_cOvcpDogR_uqelHgR6qw,0.0,0.0,1.0,,,
247,SNOWBERRY,Snowberry Playground Park,ChIJ27jB9DQtDogRn145ddw_gGo,4.5,41.0,1.0,,,
248,D'ELIA (AILEEN),D'Elia Playground Park,ChIJ56SrLKLRD4gR20NO4SZwr3c,4.4,8.0,1.0,,,
249,EDMONDS (MOLLY),Edmonds (Molly) Park,ChIJI1E8f-YuDogRx2sVhHSW5_I,4.0,6.0,1.0,,,
250,JUNIPER,Juniper Playlot Park,ChIJvXGxck_SD4gRdXHLy5Kjw4w,4.6,104.0,1.0,,,
251,WALSH (JOHN),Walsh (John) Park,ChIJgSrQ1sLSD4gRxYFTizU2OOw,4.6,629.0,1.0,,,
252,MALUS,Malus Park,ChIJXxziosAuDogRsis0lDg70us,0.0,0.0,0.0,,,
253,LELAND GIANTS,Leland Giants Park,ChIJN3b-2RQvDogRlanV44tFC54,3.9,26.0,1.0,,,
254,SNAPPING TURTLE,Snapping Turtle Park,ChIJnzBbm64yDogRDO4UpBe9RdY,4.0,14.0,1.0,,,
255,THE GROVE,Grove Park,ChIJdYGhtHwvDogRIj7CbSPtTHE,0.0,0.0,0.0,,,
256,SHEIL (BERNARD) COMM. CTR.,Sheil (Bernard) Park,ChIJhUEtHU7SD4gRzvu034dFl_8,4.5,85.0,1.0,,,
257,PARK NO. 399,Park No. 399,ChIJ18XkQ6XSD4gR3qT_6kNdXgo,4.0,27.0,1.0,,,
258,CLAREMONT,Claremont Park,ChIJG1MsHGktDogRJmVBL2BUlPc,4.7,70.0,1.0,,,
259,VOGLE (HENRY JR.),Vogle (Henry Jr.) Park,ChIJ1WLabRnSD4gRUOoWYAEN0rE,4.6,41.0,1.0,,,
260,PACKINGTOWN,Packingtown Playground Park,ChIJhToFYWMuDogRQjcxDz-ScQY,4.0,11.0,1.0,,,
261,DEBOW (RUSSELL),DeBow Playlot Park,ChIJg0f_YpYoDogR61LNnRfY7fE,4.5,4.0,1.0,,,
262,ORR (REZIN),Orr Park,ChIJ4-A5btIyDogRNbCOvq42I_s,4.4,26.0,1.0,,,
263,CURIE (MARIE),Curie (Marie) Park,ChIJw-8igpMxDogRCRUg_HTnGxY,4.0,71.0,1.0,,,
264,CHURCHILL FIELD,Churchill Field Playlot Park,ChIJXzlNacDSD4gRHdVs1f4vlSA,4.6,147.0,1.0,,,
265,PARK NO. 414,Park 414,ChIJJyumGonND4gRcJ7ifJ602Nw,1.0,1.0,1.0,,,
266,JUNCTION GROVE,Junction Grove Playlot Park,ChIJpZbuO98uDogRXgRZLc67KTk,3.8,4.0,1.0,,,
267,COTTONWOOD,Cottonwood Playground Park,ChIJmeFhTzkzDogR-uiaZgnrzdc,4.1,19.0,0.0,,,
268,HAZELNUT,Hazelnut Park,ChIJL7IDsL8zDogRs6Hyal3MiVA,3.0,2.0,1.0,,,
269,PARK NO. 419,Park No. 419,ChIJwRW4VwsvDogRv0JWnuNOerA,0.0,0.0,1.0,,,
270,COCHRAN (JOHN),Cochran Park,ChIJYX1NEoPRD4gR4IONC-5uHKA,0.0,0.0,0.0,,,
271,PARK NO. 421,Park No. 421,ChIJD8_cLTAvDogRVEBn0aGHew0,0.0,0.0,1.0,,,
272,PARK NO. 422,Park #422,ChIJdd0QKZgyDogRk5G7TiJ8uvM,5.0,1.0,1.0,,,
273,OZ,Oz Park,ChIJeVRGKhHTD4gRGeM4BihP5tw,4.7,1751.0,1.0,,,
274,SPIKINGS FARM,Spikings Farm Park,ChIJLdibH9DND4gRUae3Nsb2T4w,0.0,0.0,1.0,,,
275,NOETHLING (GRACE),Wiggly Field Dog Park,ChIJqxQT8APTD4gRiQUF43VJX3A,4.5,387.0,0.0,,,
276,BRIGHTON,Brighton Park,ChIJURZ5LQgyDogR6iAJ9AUfjgY,4.1,24.0,1.0,,,
277,ASHMORE,Ashmore Park,ChIJC6oPEyXMD4gRiasUsGTLke0,4.1,29.0,1.0,,,
278,WARREN (LAURENCE),Warren (Laurence) Park,ChIJzcBpQhrRD4gRBtNr3EbWiaE,4.7,491.0,1.0,,,
279,SOUTH SHORE CULTL. CTR.,South Shore Cultural Center,ChIJJU3B3UsoDogRfuJA0UmE15A,4.6,1739.0,0.0,,,
280,SWEET CLOVER,Sweet Clover Playlot Park,ChIJaYJG1jUzDogRtxrX1tSyDFI,3.4,23.0,1.0,,,
281,FLOWER (LUCY),Flower (Lucy) Park,ChIJ7bE_PaLSD4gR0fLCu_mVgD4,4.5,134.0,1.0,,,
282,PARK NO. 432,Park No. 432,ChIJbZklOrMyDogRy1Zul8jqe4w,2.0,4.0,1.0,,,
283,NEIGHBORS' GARDEN,Neighbors Garden Playlot Park,ChIJzd0_onzND4gRhVgwdcP9VxY,4.6,24.0,1.0,,,
284,ESSEX,Essex Playlot Park,ChIJ89SntpIoDogRoWEQ6h9eztM,3.6,19.0,0.0,,,
285,BROMANN (CHARLES),Bromann (Charles) Park,ChIJI02QgIHRD4gRvFll1mi9u3M,4.7,21.0,1.0,,,
286,PERIWINKLE,Periwinkle Playlot Park,ChIJHZdLDSgvDogRgcya0oMECPQ,0.0,0.0,0.0,,,
287,PARK NO. 437,Park No. 437,ChIJWz1Zv1guDogR96WL7ZgxTB0,4.0,30.0,1.0,,,
288,LUNA,Luna Park,ChIJCzSfuO0uDogR0pZlRJO5hEQ,4.0,18.0,1.0,,,
289,DREXEL (FRANCIS),Drexel (Francis) Park,ChIJQb8_UbcvDogRcLdnlueZZbA,3.9,17.0,1.0,,,
290,ASHE (ARTHUR) BEACH,Arthur Ashe Beach Park,ChIJtVOtUTgoDogRVK9ZSfHtuRk,4.3,150.0,1.0,,,
291,MCINERNEY (THOMAS),McInerney (Thomas) Park,ChIJxa-QRZwuDogRNky6-5BEHfs,4.4,24.0,1.0,,,
292,LAMB (HAROLD),Lamb (Harold) Park,ChIJ9dlDhfwlDogREmt1G3C3ywU,4.8,5.0,1.0,,,
293,MARTIN (JOHNNY),Martin (Johnny) Park,ChIJIyRwXanTD4gRv4YpaTwaVyE,4.6,9.0,1.0,,,
294,METCALFE (RALPH),Metcalfe (Ralph) Park,ChIJXX2-HM8tDogRz1z0hn3KXcU,4.6,15.0,1.0,,,
295,WIEBOLDT (WILLIAM),Wieboldt (William) Park,ChIJy3rKTF_SD4gRfsPY097boJA,4.6,39.0,1.0,,,
296,LAZARUS (EMMA),Lazarus (Emma) Park,ChIJsfVS4qXRD4gRsuhm96P4SP8,4.8,21.0,1.0,,,
297,SUN YAT-SEN,Sun Yat-Sen Playground Park,ChIJGV0aY2YsDogR1FmAUfPYmRM,4.3,58.0,1.0,,,
298,PETERSON (PEHR SAMUEL),Peterson (Pehr Samuel) Park,ChIJjVvssW3OD4gRJPtsiYeK094,4.7,277.0,1.0,,,
299,MIAMI,Miami Park,ChIJvYeja2wyDogRNMvPfsmOxV4,4.1,53.0,1.0,,,
300,SENIOR CITIZENS MEML.,Senior Citizens Memorial Playlot Park,ChIJvapZ45DSD4gR8gSKxfuG_yc,4.4,83.0,0.0,,,
301,CLARK (RICHARD),Clark (Richard) Park,ChIJx-CqsXnSD4gRyc4qkNb7-Q0,4.6,352.0,1.0,,,
302,RIDGE PARK WETLANDS,Ridge Natural Area,ChIJbe2xCSwlDogR8BS4lTzIvH8,5.0,1.0,1.0,,,
303,BROADWAY ARMORY,Broadway Armory Park,ChIJo3iH2p3RD4gRSpyQL34JWz0,4.4,247.0,1.0,,,
304,QUINN (MARY),Quinn Park,ChIJqfVJb7bOD4gRWldQORK_E90,0.0,0.0,0.0,,,
305,DEARBORN (HENRY),Dearborn Park,ChIJYZomyWAtDogRmDlR3T_5bKc,4.3,12.0,1.0,,,
306,ROOSEVELT (THEODORE),Roosevelt (Theodore) Park,ChIJU1p89ZAsDogRYRuA-67Ihqo,4.6,58.0,1.0,,,
307,PARK NO. 468,Park 468,ChIJaxzu5wkxDogRrHXV8SHj0_U,4.1,21.0,1.0,,,
308,GRANDPARENTS',Grandparents Park,ChIJ-Ta5ifXJD4gRWAVWAa4Q6nA,4.0,133.0,1.0,,,
309,PARK NO. 474,Park No. 474,ChIJCQqfSw0sDogRBxyHq_03X2A,4.7,6.0,1.0,,,
310,RIVER ESPLANADE,River Esplanade Park,ChIJH49PaFYrDogRIpBGhASbboI,4.8,68.0,1.0,,,
311,OGDEN (WILLIAM) PLAZA,Ogden Plaza,ChIJkf7f2AstDogRO45WjHNCMYw,5.0,2.0,1.0,,,
312,DUSABLE (JEAN BAPTISTE POINTE),DuSable Park,ChIJo8ThkS0rDogRy1tQ5oSZnN0,3.8,13.0,1.0,,,
313,JONES (MARY RICHARDSON),Jones (Mary Richardson) Park,ChIJD-mGBZAsDogRH73BP1knjEQ,4.5,47.0,1.0,,,
314,COTTON TAIL,Cotton Tail Park,ChIJSX1Ce48sDogRb21rLdYQpHc,4.5,138.0,1.0,,,
315,TOM (PING) MEML.,Ping Tom Memorial Park,ChIJUxsbeoosDogRJyf7X2O4tOU,4.6,3098.0,1.0,,,
316,NASH (DON) COMM. CTR.,Don Nash Community Center,ChIJW2acEPgoDogRsRxraJLl21g,4.2,104.0,1.0,,,
317,"MADIGAN (MICHAEL J., SR.)",Michael J. Madigan Sr. Park,ChIJC-86T_gwDogR6NL6OhZumvs,4.3,220.0,1.0,,,
318,PARSONS (LUCY),Lucy Ella Gonzales Parsons Park,ChIJ_WlaslfMD4gRQ3yDXui9wFo,4.0,30.0,1.0,,,
319,KENNICOTT (JONATHAN),Kennicott (Jonathan) Park,ChIJw98qQmApDogRCO_xlbNyzCE,4.3,153.0,1.0,,,
320,WINNEMAC,Winnemac Park,ChIJBXLrax7SD4gRTR19bVCbP-8,4.7,1267.0,1.0,,,
321,BRONCHO BILLY,Broncho Billy Playlot Park (12 & Under),ChIJY7i7qjPSD4gR306_9NwzWIo,4.2,21.0,1.0,,,
322,CHALLENGER,Challenger Park,ChIJj9ljIcvTD4gRo1gg3G_fGE4,4.3,77.0,1.0,,,
323,ARMSTRONG (LILLIAN HARDIN),Armstrong (Lillian Hardin) Park,ChIJPWUpuVcpDogRVmuSIBw_2Bo,4.4,92.0,1.0,,,
324,KELLY (JOHN),Kelly Park Playlot,ChIJ_cm_37TTD4gR52vxFTOatkI,4.3,34.0,0.0,,,
325,WASHINGTON (HAROLD),Washington (George) Park,ChIJ60MasjUpDogRTog3uQ48ISc,4.4,3240.0,1.0,,,
326,"BOLER (LEO ROSCOE, SR.)","Boler (Leo Roscoe, Sr.) Park",ChIJyevf1OwyDogRvNaEdo5hAcM,3.8,36.0,1.0,,,
327,STARR (ELLEN GATES),Starr (Ellen Gates) Park,ChIJ7zM1UEQtDogRoKB2j-ISk_s,4.2,31.0,1.0,,,
328,WILSON (JOHN) COMM. CTR.,Wilson Community Center,ChIJH0bunTUsDogRY079ic-AQU0,4.1,16.0,0.0,,,
329,"BENIAC (JOHN ""BEANS"") GREENWAY",Beniac Greenway Park,ChIJ7ZhbuyPZEYgRhKiy2LgQVSA,5.0,5.0,1.0,,,
330,CANAL ORIGINS,Canal Origins Park,ChIJWxrcwhotDogR2-2PsxXWZsE,4.6,14.0,1.0,,,
331,WEBSTER (DANIEL),Webster (Daniel) Park,ChIJxaJeO4MsDogRgmkrXuLJD7Q,4.6,91.0,1.0,,,
332,PARK NO. 514,Park No. 514,ChIJgZMxGTjND4gR7vZZxLPK2ZE,3.9,23.0,1.0,,,
333,ALGONQUIN,Algonquin Park,ChIJ4-xNioDSD4gRQamX8XSzSsM,4.7,33.0,1.0,,,
334,PARK NO. 500,Park No. 500,ChIJp_qove4yDogRF7TXSSp8JaY,3.4,25.0,1.0,,,
335,SCHAFER (CLARA D.),Schafer (Clara D.) Park,ChIJ339wp_8nDogR9iWWkeVwYaQ,4.3,102.0,1.0,,,
336,COLISEUM,Coliseum Park,ChIJY9bZsoUsDogRsqJRLbjN_GI,4.4,131.0,1.0,,,
337,RENAISSANCE,Renaissance Park,ChIJMZ75ZnYvDogRPKa40DcMv9A,4.2,43.0,1.0,,,
338,LIVINGSTON FIELD,Livingston Field Park,ChIJAw8vj2stDogRtAzVsJQIVMw,4.7,171.0,1.0,,,
339,WARD (A. MONTGOMERY),Ward (A. Montgomery) Park,ChIJO75BbsssDogRx-pAK1rIkHw,4.6,522.0,1.0,,,
340,PARK NO. 512,Park No. 512,ChIJ67gmDNvTD4gRVp4bGzJkbRA,0.0,0.0,1.0,,,
341,MANDRAKE (HENRY BROWN),Mandrake Park,ChIJtT2nJeUrDogRe__bpAKDLLo,4.4,426.0,1.0,,,
342,NOTTINGHAM,Nottingham Park,ChIJi-Z3Vx43DogR9Qi8q-Vh6co,4.0,78.0,1.0,,,
343,WASHINGTON (HAROLD) MEM.,Washington (Harold) Memorial Park,ChIJC7_mNknQD4gRxDbqQJYHfkE,4.6,5.0,1.0,,,
344,HOMAN SQUARE COMMUNITY CENTER,Homan Square Community Center,ChIJybF6NpIyDogR_wxYZMPFvSA,4.6,74.0,0.0,,,
345,CANALPORT RIVERWALK,Canalport Riverwalk Park,ChIJI_O9ErotDogRT_BmQYTi3jU,4.5,61.0,1.0,,,
346,PARK NO. 517,Park 517,ChIJOR0FHr_RD4gRn7U4XPW8zEg,4.3,4.0,2.0,,,
347,TRIANGLE,Triangle Park,ChIJ8zuBAUnQD4gR8YOuUPKD-mU,3.9,60.0,1.0,,,
348,PARK NO. 519,Park No. 519,ChIJX71kZGEyDogRHn0emYR8SGg,3.3,8.0,1.0,,,
349,PALMER (BERTHA HONOR?),Honore Palmer (Bertha) Park,ChIJWxXHdsvSD4gRG8UkLrIvYcg,4.3,41.0,1.0,,,
350,WARNER GARDEN,Warner Garden Park,ChIJnTCjujfSD4gR4pH9OK4BjxA,4.7,41.0,1.0,,,
351,WANG (CHI CHE),Wang (Chi Che) Park,ChIJQ6aqKvTSD4gReLlzIiS4aKk,4.4,91.0,1.0,,,
352,STEELWORKERS,Steelworkers Park,ChIJkyND1PnXEYgRa05Kff1V01g,4.6,416.0,1.0,,,
353,HARRIS (HARRIET),Harris (Harriet) Park,ChIJ3_dEaSQpDogRgwZ1soj8F64,4.2,66.0,0.0,,,
354,STONE (BERNARD L.),Bernard Stone Park,ChIJEx6_7j3OD4gRND9I1h4SWcY,4.4,7.0,0.0,,,
355,PARK NO. 527,Park No. 527,ChIJIx0iBdouDogR1VRESaPCzD0,0.0,0.0,0.0,,,
356,PARK NO. 528,Park No. 528,ChIJzwlBRFUwDogRmG4VhGUNdQU,3.9,36.0,1.0,,,
357,PARK NO. 529,Park No. 529,ChIJRdeBl77SD4gRd77ApKnTzkI,4.5,30.0,1.0,,,
358,DALEY (RICHARD J.),Richard J. Daley Park,ChIJY7iONO0tDogRG-fWQ56jDLE,4.1,56.0,1.0,,,"Also a boat launch at this location, left that out "
359,PALMISANO (HENRY),Henry C. Palmisano Nature Park,ChIJ59crbk8sDogRWuHEWkIGRpk,4.7,1110.0,1.0,,,
360,PRINTERS ROW,Printers Row Park,ChIJIVzEm5csDogRZYFB_ZmSNJY,4.5,130.0,1.0,,,
361,"WILLIAMS-DAVIS (HATTIE KAY,IZORA)","Williams-Davis (Hattie Kay, Izora) Park",ChIJfdrkTecrDogR5eM67J1iKgU,4.5,154.0,1.0,,,
362,NORTH PARK NATURE CENTER,North Park Village Nature Center,ChIJbdzp8XHOD4gR8bihpV9b1lA,4.8,722.0,1.0,,,
363,PARK NO. 534,Park No. 534,ChIJtbNbO4wyDogRDf5yTPlRcZc,4.1,30.0,1.0,,,
364,PARK NO. 535,Park No. 535,ChIJo5UWBRjTD4gRMrr-Bsg_sjA,4.8,12.0,1.0,,,
365,PARK NO. 536,Park No. 536,ChIJa-SCkdnSD4gRGvb-kTvtDOk,4.5,45.0,1.0,,,
366,HERITAGE GREEN,Heritage Green Park,ChIJaYEn4cMsDogRhYYu8UVDr0M,4.3,60.0,1.0,,,
367,PARK NO. 538,Park No. 538,ChIJl430XzrOD4gRjVV6x5jLYW4,4.7,32.0,1.0,,,
368,PALMER SQUARE,Palmer Square Park,ChIJn5fXhWbND4gRqWBoRO6T-Qk,4.6,797.0,1.0,,,
369,PARK NO. 540,Park No. 540,ChIJR5kd12QsDogR0tb87c7mFcs,0.0,0.0,1.0,,,
370,PRITZKER,Pritzker Park,ChIJla9T1qIsDogRaA2lhTl_o9M,3.7,41.0,1.0,,,
371,BARTELME (MARY),Bartelme (Mary) Park,ChIJkeTIjdwsDogR7ltfbuZpU-M,4.7,990.0,1.0,,,
372,KLEIN (LOIS),Lois Klein Park,ChIJXVKiWkPSD4gR7g15rQKTvcM,4.5,37.0,1.0,,,
373,PARK NO. 546,Elizabeth Benton Playground,,4.8,16.0,3.0,450 E. Benton Place,https://www.chicagoparkdistrict.com/parks-facilities/park-no-546,
374,BATTLE OF FORT DEARBORN,The Battle of Fort Dearborn Park,ChIJeWbWMoAsDogRant33YYq3DI,4.5,99.0,1.0,,,
375,MAJOR TAYLOR BIKE TRAIL,Major Taylor Trail - Red Paved Trail,EjRNYWpvciBUYXlsb3IgVHJhaWwgLSBSZWQgUGF2ZWQgVHJsLCBDaGljYWdvLCBJTCwgVVNBIi4qLAoUChIJcwTfvUEkDogRuxNpS073v2ASFAoSCe3L9NA8LA6IEQDAwAmtpuCv,0.0,0.0,0.0,,https://www.chicagoparkdistrict.com/parks-facilities/park-no-548-major-taylor-bike-trail,"This is a bike trail, not sure it should count as a park"
376,LOGAN SQUARE SKATE PARK,Logan Blvd. Skate Park,ChIJDdRdqIXSD4gREog1lrW-Ujs,4.2,177.0,1.0,,,
377,CHICAGO WOMEN'S PARK AND GARDENS,Chicago Women's Park & Garden,ChIJ99fB8IAsDogRqQ63btveBF4,4.7,157.0,1.0,,,
378,PARK NO. 551,Fulton River Park,ChIJDynkzc4sDogR0WxHWmO9ivY,4.4,107.0,1.0,,,
379,PARK NO. 552,Park No. 559,ChIJy8PCwnTRD4gRrfAJJXaNGmQ,4.5,22.0,1.0,,,
380,LA VILLITA,La Villita Park,ChIJi3MHZHQyDogRphW0ePrUpyw,4.4,931.0,1.0,,,
381,ADAMS (GEORGE & ADELE),Adams (George & Adele) Park,ChIJb2Z0dB_TD4gRIOp_StKNk80,4.6,152.0,1.0,,,
382,DE BURGOS (JULIA),de Burgos (Julia) Park,ChIJ84qBVFzND4gRhvjzPzACqOc,4.5,139.0,1.0,,,
383,SAUGANASH TRAIL,Valley Line Trail (Skokie Line Trail),,5.0,4.0,0.0,4400 W. Devon Ave.,https://www.chicagoparkdistrict.com/parks-facilities/sauganash-trail-park,
384,PARK NO. 556,Park No. 556,ChIJPSw-bIXSD4gRHYV9PXxOG9U,4.6,42.0,1.0,,,
385,NORTH BOUNDARY,North Boundary Park,ChIJi4_A8jLOD4gRWu9-UPBMaNA,3.8,16.0,1.0,,,
386,KING (PATRICK)-LOCKHART (ANTHONY),"King-Lockhart (Patrick, Anthony) Park",ChIJtTGJHCElDogRz5Eb6IWU0QI,4.3,18.0,1.0,,,
387,PARK NO. 559,Park No. 559,ChIJy8PCwnTRD4gRrfAJJXaNGmQ,4.5,22.0,1.0,,,
388,WHITE (JESSE),,,4.6,138.0,0.0,,,
389,ANDERSON (FRED),Anderson (Louis) Park,ChIJr31VeQgsDogRwCC8NoRBFUI,4.3,46.0,1.0,,,
390,BYRNES (MARIAN),Marian R. Byrnes Natural Area,ChIJ0b1Pn7UnDogRf4_qV03Pt2c,3.9,58.0,1.0,,,
391,HEGEWISCH MARSH,Hegewisch Marsh Park,ChIJYxsDFZMhDogRRknr3YADABo,4.8,6.0,1.0,,,
392,BIG MARSH,Big Marsh Park,ChIJy3lk4AUnDogRKZ2ZrvpCy0I,4.6,355.0,1.0,,,
393,PARK NO. 566,Park No. 566,ChIJNbnPFx4oDogRva91t6rL0lI,0.0,0.0,1.0,,,
394,PARK NO. 567,Park No. 567,ChIJ26RP173SD4gRed-7R4XIjoc,4.6,116.0,1.0,,,
395,WEST RIDGE NATURE PARK,West Ridge Nature Park,ChIJl1jEZ-XRD4gRPAvL4GmOR4k,4.7,632.0,1.0,,,
396,PARK NO. 569,The West Loop 569 Bark Park - The West Loop 569 - The 569 Bark Park - Skinner Bark Park,,4.8,153.0,0.0,1358 W. Monroe St.,https://www.chicagoparkdistrict.com/parks-facilities/park-no-569,
397,DONAHUE (MARGARET),Margaret Donahue Park,ChIJQRNuc1PSD4gRLBPjsPaalSQ,4.8,221.0,1.0,,,
398,PARK NO. 571,Park No. 571,ChIJw8EP1bMtDogRreZdRliFCQ4,4.5,249.0,1.0,,,
399,PARK NO. 573,,,0.0,0.0,0.0,1919 W. Maypole Ave.,https://www.chicagoparkdistrict.com/parks-facilities/park-no-578,This is the same as Park #578 (same address)
400,PARK NO. 574,Park 574,ChIJBxC9IiMtDogRXIqdOdLeMks,4.0,39.0,1.0,,,
401,PARK NO. 576,Park No. 576,ChIJQTqU1M8gDogR0S1dDsD7WUU,3.9,8.0,1.0,,,
402,TREBES,Trebes Park,ChIJOXBijB3TD4gR7t7-hboxAfQ,4.4,58.0,1.0,,,
403,MORGAN PARK SPORTS CENTER,Morgan Park Sports Center,ChIJmdykysMkDogR_3xXLL2u1MI,4.3,373.0,1.0,,,
404,PARK NO. 578,Park #578,,4.7,19.0,4.0,1919 W. Maypole Ave.,https://www.chicagoparkdistrict.com/parks-facilities/park-no-578,
405,PARK NO. 580,Park No. 580,ChIJPaanFMbLD4gR1n55D3bMlI4,4.0,1.0,1.0,,,
406,PARK NO. 581,Park No. 581,ChIJ-c1-ReMlDogRsdTGLkmXETg,4.8,4.0,1.0,,,
407,RAINBOW BEACH,Rainbow Beach Park,ChIJ04tPhR4wDogRRWMqZ6Z0_Vc,4.3,1882.0,1.0,,,
408,CLARENDON COMM. CTR.,Clarendon Community Center - Lincoln Park,,4.3,381.0,0.0,,,
409,BEILFUSS (ALBERT W.),Beilfuss (Albert W.) Park,ChIJpZ_qDDzND4gReTNdY7Ib3KY,4.4,43.0,1.0,,,
410,SHERWOOD (JESSE),Sherwood (Jesse) Park,ChIJi3z27cMuDogR8KfAmQvY0z4,4.0,122.0,1.0,,,
411,BRADLEY (JOSEPHINE),Bradley (Josephine) Park,ChIJHa9FMMEnDogRh9FbWjsrhXc,3.7,48.0,1.0,,,
412,BLOCK (EUGENE H.),Block Park,ChIJ4U8cXM8lDogRXq6l1fkqH34,3.9,14.0,1.0,,,
413,COMMERCIAL CLUB PGD. of CHICAGO,Commercial Club Park,ChIJdWtXUMvSD4gRdWPLSNXZH7o,4.4,97.0,1.0,,,
414,HERMITAGE,Hermitage Park,ChIJtUhbU0UuDogR0yZ-7tXesP8,4.1,98.0,1.0,,,
415,KENWOOD COMM.,Kenwood Community Park,,4.4,197.0,0.0,,,
416,LAWLER (MICHAEL),Lawler (Michael) Park,ChIJqdbAOuIwDogRlUNm3IdAcT0,4.2,55.0,1.0,,,
417,O'HALLAREN (BERNARD),O'Hallaren (Bernard) Park,ChIJ5TtKNY8vDogRIANi6YUFyJM,4.1,121.0,1.0,,,
418,LEONE (SAM) BEACH,Leone Beach Park,ChIJeXKbYqvRD4gRnk6cmm9f7GY,4.5,492.0,1.0,,,
419,SMITH (JOSEPH HIGGINS),Smith (Joseph Higgins) Park,ChIJI8cyylMtDogRV9Ol0LQodyo,4.5,500.0,1.0,,,
420,STROHACKER (HOWARD),Strohacker (Howard) Park,ChIJDfkhXKExDogRM_rZS1ruXAo,4.2,96.0,1.0,,,
421,ANDERSON (LOUIS),Anderson (Louis) Park,ChIJr31VeQgsDogRwCC8NoRBFUI,4.3,46.0,1.0,,,
422,AUGUSTA (CARPENTER),Augusta Park,ChIJNeQhQtXMD4gRs0P0DeoWkJw,4.0,87.0,1.0,,,
423,BARRETT (JOHN),Barrett (Charles) Park,ChIJ2YnD7KEtDogRF1G-co8WzSA,4.3,71.0,1.0,,,
424,BOSLEY (WILLIAM),Bosley (William) Park,ChIJ8Wt30UssDogROADUOGcJ2as,4.4,84.0,1.0,,,
425,DONOVAN (GEORGE),Donovan (George) Park,ChIJvea9eTAsDogRwZuDxJbfvxw,4.5,114.0,1.0,,,
426,FOSCO (PETER),Fosco Park,ChIJ1UXZnwItDogRZoVWCRQwAfg,4.3,227.0,1.0,,,
427,"TAYLOR-LAURIDSEN (JOHN, EMIL)",Taylor-Lauridsen Park,ChIJCcVjQpwuDogRwKHPrJgFFf4,4.3,128.0,1.0,,,
428,CLARK (JOHN),Clark (Richard) Park,ChIJx-CqsXnSD4gRyc4qkNb7-Q0,4.6,352.0,1.0,,,
429,DEAN (JOHN),Dean (John) Park,ChIJ2RzYm8XSD4gRP2pj4K0srGQ,4.7,55.0,1.0,,,
430,MICEK (FRANK),Micek (Frank) Park,ChIJN5pvrGouDogRv-22EGUtX58,5.0,5.0,1.0,,,
431,GROSS (THEODORE),Gross (Theodore) Park,ChIJS40CcgfSD4gRhZT-_O4eewg,4.4,89.0,1.0,,,
432,HAAS (JOSEPH),Haas (Joseph) Park,,4.6,55.0,0.0,,,
433,HARDING (GEORGE),Harding (George) Playground Park,ChIJr2crgjHND4gRMEl1RuX60GQ,4.4,15.0,0.0,,,
434,HORAN (ALBERT),Horan (Albert) Park,ChIJuzYBxpgyDogRSRKPfe1nctA,4.1,33.0,1.0,,,
435,HOYNE (THOMAS),Hoyne (Thomas) Park,ChIJJe7V8-ktDogRuq5JDbJpkiE,4.4,84.0,1.0,,,
436,DURSO (JOHN),Durso (John) Park,ChIJm4X4oTXTD4gRlE2wqA3kmV8,4.4,42.0,1.0,,,
437,INDIAN ROAD,Indian Road Park,ChIJyxHwc0vJD4gRMsEZR1sKXHY,4.6,76.0,1.0,,,
438,KEDVALE,Kedvale Park,ChIJ4b16by_ND4gRUyjxODDKbe4,4.3,90.0,1.0,,,
439,KELLS (GEORGE),Kells (George) Park,ChIJzed8Y60yDogR7drBK5whdt8,4.2,120.0,1.0,,,
440,DEGEORGE (BERNICE),DeGeorge Park,ChIJqxvtXsTMD4gR4VtgpN8V1sI,3.7,7.0,1.0,,,
441,KENSINGTON,Kensington Park,ChIJr9Ey6J4mDogRzmHkHLnEyJk,3.9,18.0,1.0,,,
442,KEN-WELL,Ken-Well Park,ChIJxww63gDND4gRI0vuuxEGVCQ,4.3,135.0,1.0,,,
443,WHITE (WILLYE B.),White (Willye B.) Park,ChIJ20MVJEzQD4gRGwYAjrEtoJo,4.3,131.0,1.0,,,
444,LOWE (SAMUEL),Lowe (Samuel) Park,ChIJ5TiPVJQuDogRoQMGyLMk0yg,3.9,41.0,1.0,,,
445,MAPLEWOOD,Maplewood Park,ChIJ-1JjiqPSD4gRfkxSKFJirdo,4.6,117.0,1.0,,,
446,MARSHFIELD,Marshfield Park,ChIJ5VaVvn0lDogRDS5z9-mQsY4,4.4,16.0,1.0,,,
447,GARIBALDI (GIUSEPPI),Garibaldi (Giuseppe) Park,ChIJ3XLudBktDogRt6g67hfLqSY,4.5,66.0,1.0,,,
448,MEMORIAL,Memorial Park,ChIJ1V85ZxrMD4gRntI08rrAOEU,3.9,42.0,1.0,,,
449,MEYERING (WILLIAM),Meyering (William) Park,ChIJ8fdUoM0oDogRAstFKu2SAI0,4.1,113.0,1.0,,,
450,MOORE (MAURICE),Moore (Maurice) Park,ChIJM-jkHD4zDogRE1b4AlWNAoE,4.1,215.0,1.0,,,
451,MORAN (TERRANCE),Moran (Terrance) Park,ChIJvyAI6PYuDogRnXF37GrmCy0,3.8,72.0,1.0,,,
452,MUNROE,Munroe (Roy) Park,ChIJzYGvEyYlDogRyRFhjtJYpME,4.2,56.0,0.0,,,
453,MURRAY (DAVID),Murray (David) Park,,4.0,99.0,0.0,,,
454,NORMANDY,Normandy Park,ChIJHWI1dsc2DogR9I7AzZM7rOo,4.3,96.0,1.0,,,
455,LITTLE VENICE,Little Venice Park,ChIJIWNGcxQuDogRDPNsIvN65tU,4.2,37.0,1.0,,,
456,PARK-VIEW,Parkview Park,ChIJwRVzv6bND4gRYAUSTqP8QR0,4.1,65.0,1.0,,,
457,PASCHEN (CHRISTIAN),Paschen (Christian) Park,ChIJc31MmMnRD4gRvAR4lPlonlE,4.1,73.0,1.0,,,
458,PIETROWSKI (SYLVESTER),Pietrowski (Sylvester) Park,ChIJId-9jgnYEYgRnY4dLELNMfA,4.4,21.0,1.0,,,
459,MCKIERNAN (DAVID),Mc Kiernan Park,ChIJyRdKBNY6DogRZZabk1nRNG4,4.2,46.0,1.0,,,
460,SCHREIBER,Schreiber Park,ChIJ2UbijbzRD4gRqr4j8r9FfgQ,4.5,191.0,1.0,,,
461,"KUCINSKI-MURPHY (VICKI, ROSEBETH)","Kucinski-Murphy (Vicki, Rosebeth) Park",ChIJYxSO1tgtDogRh-PfnPx2OBs,4.4,11.0,1.0,,,
462,BACK OF THE YARDS,Basketball Court,,4.0,7.0,2.0,,https://www.chicagoparkdistrict.com/parks-facilities/back-yards-park,
463,TILTON (GEORGE),Tilton (George) Park,ChIJXz62WtgyDogRhTepawn9NGc,3.7,62.0,1.0,,,
464,DOBSON,Dobson Park,ChIJ0Q-iEe8pDogRc2Fmi0M6zCg,0.0,0.0,1.0,,,
465,"TOUHY-HERBERT (JOHN, VICTOR)",Touhy-Herbert Park,ChIJQSwc8UAtDogRJZLgQMm8rkU,4.4,36.0,1.0,,,
466,LIMAS (JULIANN HOPE),Limas (Juliann Hope) Park,ChIJ6dPG9mUyDogRMuov76t46sU,3.8,44.0,1.0,,,
467,VETERANS' MEMORIAL,Veterans' Memorial Park,ChIJywswuK8sDogRkK1xrMDQbqc,4.5,97.0,1.0,,,
468,WAGNER (CLARENCE),Wagner (Clarence) Park,ChIJgYa3_r0vDogR0Sn7s8WdAf8,5.0,1.0,1.0,,,
469,WALLACE,Wallace Playground Park,ChIJreEjVo0lDogRAC--oED4RZc,4.1,19.0,0.0,,,
470,WASHTENAW,Washtenaw Park,ChIJS80GSY8tDogRezj9H6YOxpQ,4.2,40.0,1.0,,,
471,WILSON (JOHN),Wilson (John P.) Park,ChIJKYuZDDQsDogRylGAJCDoofo,4.5,99.0,0.0,,,
472,ELSTON (DANIEL),Elston (Daniel) Park,ChIJBdy6IoXND4gRRWSSoYF6MV0,4.3,40.0,1.0,,,
473,WOLFE (RICHARD),Wolfe (Richard) Park,ChIJC2IBFYEnDogRP1S3EPh1HrM,4.2,71.0,1.0,,,
474,WOODHULL (ROSS),Woodhull (Ross) Park,ChIJgVaoM_EoDogRiLb6dpjn_Lk,3.9,85.0,1.0,,,
475,WRIGHTWOOD,Wrightwood Park,ChIJUR7hYfrSD4gR5wySsQ74n_o,4.5,242.0,1.0,,,
476,LANGDON (MARY MARGARET),Langdon (Mary Margaret) Playlot Park,ChIJ80U8GrnRD4gRyAodf8zNiQk,4.2,32.0,1.0,,,
477,ANDERSONVILLE,Andersonville Playlot Park,,4.5,24.0,0.0,5233 N. Ashland Ave.,https://www.chicagoparkdistrict.com/parks-facilities/andersonville-park,
478,KRAUSE (FRANCIS VERNON),Krause (Francis Vernon) Park,ChIJm-b_xXnYEYgRlxdlx8O5-5s,4.3,31.0,1.0,,,
479,EMERALD,Emerald Park,ChIJH3KXE-wuDogRxaZdHJUE4fU,0.0,0.0,0.0,,,
480,WESOLEK (MARLENE),Wesolek (Marlene) Park,ChIJs3mdn5bfEYgRUZMrb08yyjY,4.5,6.0,1.0,,,
481,BIXLER (RAY),Bixler (Ray) Park,ChIJTSYhvhMpDogRKTHHIAGCezE,4.6,86.0,1.0,,,
482,BUENA CIRCLE,Buena Circle Park,ChIJh03iGcvTD4gRElRej_XZTTo,4.5,107.0,1.0,,,
483,CARMEN,Carmen Park,ChIJfwTheyrSD4gRMBjXiC8RMFs,4.6,12.0,1.0,,,
484,CARPENTER (PHILO),Carpenter (Philo) Playlot Park,ChIJnw2nf_suDogRBND_BeztRsU,3.7,17.0,1.0,,,
485,CENTRAL,Central Park,ChIJa1w2oLUyDogR5cHdBe8G4CI,3.8,22.0,1.0,,,
486,CHRISTIANA,Christiana Park,ChIJxQNM9IgyDogRHBJjpDf90L4,3.4,20.0,1.0,,,
487,KORCZAK (JANUSZ),Korczak (Janusz) Park,ChIJ5xNxx-fRD4gRsFgtwkFJRVQ,4.4,11.0,1.0,,,
488,CLYBOURN (ARCHIBALD),Clybourn (Archibald) Park,ChIJQ5JtMyLTD4gRD2Ln7QEi9mk,4.1,25.0,1.0,,,
489,DAVIS (MARGARET),Davis (Margaret) Park,,3.7,33.0,0.0,,,
490,FELLGER (CHARLES),Fellger (Charles) Park,ChIJOctdvmDSD4gR43D5mDdrwNE,4.4,154.0,1.0,,,
491,GLADYS (GUNDERSON),Gladys (Gunderson) Park,ChIJZaYE6ZcyDogRJkDvgxH1RzY,4.1,8.0,1.0,,,
492,GRAND,Grand Park,,3.8,59.0,0.0,,,
493,HARDING (FREDERICK),Harding (Frederick) Playground Park,ChIJk0kKeTHND4gRgK-tNiA0GZE,3.1,26.0,1.0,,,
494,ZATTERBERG (HELEN),Zatterberg (Helen) Park,ChIJbSCYNTnSD4gRe_qaBGDreT8,4.6,52.0,1.0,,,
495,HOMAN (JOSEPH),Homan (Joseph) Park,ChIJnwv6h2MyDogRhFitxL7TOAs,4.5,8.0,1.0,,,
496,HUBBARD (GURDON),Hubbard (Gurdon) Park,ChIJye02iTAzDogR0d9TEVEse8I,3.9,44.0,1.0,,,
497,HANSBERRY (LORRAINE),Lorraine Hansberry Park,ChIJr1YFbcsuDogRCtO9Vh9Ge7Y,4.0,20.0,1.0,,,
498,JACKSON (ROBERT),Jackson (Andrew) Park,ChIJ69_oRgcpDogRbMp0Svo9ogg,4.5,6308.0,1.0,,,
499,JEFFERSON (THOMAS),Jefferson (Thomas) Memorial Park,ChIJBfXOYRrMD4gRUA0c-rGN-0A,4.4,325.0,1.0,,,
500,KEELER (CYRUS),Keeler (Cyrus) Park,ChIJTQo9q_syDogRsVNptQtzwzc,4.0,3.0,1.0,,,
501,KENMORE,Kenmore Playlot Park,ChIJqSyEl6vTD4gRFmdlvULQfeI,4.2,19.0,1.0,,,
502,KEYSTONE,Keystone Playlot Park,,4.4,44.0,0.0,,,
503,LANGLEY,Langley Park,,4.3,33.0,0.0,,,
504,THUIS (GRACE ZWIEFKA),Thuis (Grace Zwiefka) Park,ChIJfx1VVyPMD4gRioJ5uABG3YQ,4.4,40.0,1.0,,,
505,LONDON (LOUIS),Trumbull (Lyman) Park,ChIJWwMkf7snDogRkluV6K_ihf0,4.2,58.0,1.0,,,
506,HUMBERT (JAMES),Humbert (James) Park,ChIJFWx31kAsDogR5fvOEoSNv7E,4.4,39.0,1.0,,,
507,LUELLA,Luella Park,ChIJ_bzO9vInDogRW943WGMXo2k,2.7,3.0,1.0,,,
508,"LUNT (ORRINGTON, STEPHEN)",Playground Park,,4.8,12.0,2.0,2239 W. Lunt Ave.,https://www.chicagoparkdistrict.com/parks-facilities/lunt-orrington-stephen-park,
509,MERRYMAN (THERON),Merryman (Theron) Park,ChIJAaeXMkTSD4gR3MWeIXbiHm0,4.5,49.0,1.0,,,
510,MERRILL (GEORGE),Merrill (George) Park,ChIJHRSOL8knDogRy50AkORejaQ,3.1,42.0,1.0,,,
511,MILLARD (ALDEN),Millard (Alden) Park,ChIJv5s3uIwyDogR2pssYcqwQIc,3.9,26.0,1.0,,,
512,MILLER (SAMUEL),Miller Park,ChIJLXgfG-QsDogREMED5EnYrkY,4.3,6.0,0.0,846 S.Miller St.,https://www.chicagoparkdistrict.com/parks-facilities/miller-samuel-park,
513,MONTGOMERY (MABEL),Montgomery (Mabel) Playground Park,ChIJFUqBNtIvDogRoo9FELYnW78,4.0,34.0,1.0,,,
514,MONTICELLO,Monticello Playlot Park,,4.3,27.0,0.0,1810 N. Monticello Ave.,,
515,MORGAN (THOMAS LEEDS) FIELD,Morgan (Thomas Leeds) Field Park,ChIJo-4-W5YlDogR3229e4JZIaU,0.0,0.0,1.0,,,
516,NELSON (ANDREW),Nelson Park,ChIJtzk4Q5sOkIARed5W3LVsja4,4.5,413.0,1.0,,,
517,WEISMAN (ALBERT),Weisman Playground,ChIJozaSYAfTD4gRymCHbyQhQa4,4.7,98.0,1.0,,,
518,OAKLEY,,,3.9,23.0,0.0,6441 S. Oakley Ave.,https://www.chicagoparkdistrict.com/parks-facilities/oakley-park,
519,OHIO & HARDING,Ohio & Harding Park,ChIJMUY9gc4yDogRgA731T-FF0Q,3.6,43.0,1.0,,,
520,OHIO,Ohio Park,,3.7,36.0,0.0,,,
521,BRYNFORD,Brynford Playlot Park,,4.3,8.0,0.0,5636 N. Pulaski Rd.,https://www.chicagoparkdistrict.com/parks-facilities/brynford-park,
522,SUPERA (LOUIS),Supera Park,ChIJwdjGd_3SD4gRZ9LDQRvgPtc,4.6,58.0,1.0,,,
523,WENDT (KENNETH),Wendt Playlot Park,ChIJq0h1baXTD4gRylxdd27iNZ4,4.6,47.0,1.0,,,
524,SACRAMENTO,Sacramento Playlot Park,ChIJPQxH8IXND4gR3aDHk7jYKyk,4.7,28.0,1.0,,,
525,SCHAEFER (EDWARD),Schaefer (Edward) Park,ChIJrUrpl6zTD4gRZy4ovql7diA,4.5,4.0,1.0,,,
526,SAINT LOUIS,Saint Louis Playground Park,ChIJpUAeQ7cyDogRVoNMznyuPjI,4.2,12.0,0.0,,,
527,SUPERIOR,Superior Playground Park,ChIJEwsA5kotDogRMVcIqnTso40,4.4,49.0,1.0,,,
528,SUMMERDALE,W Summerdale Ave,ChIJqz0USyjKD4gRjEjQV85ejX8,2.1,10.0,0.0,,,
529,TILL-MOBLEY (MAMIE),Mamie Till-Mobley Park,,4.9,8.0,0.0,6404 S. Ellis Ave.,https://www.chicagoparkdistrict.com/parks-facilities/mamie-till-park,
530,SINTIC (GREGORY),Sintic (Gregory) Park,ChIJ2W1rsUMsDogR3NnqOdBPjvY,4.3,30.0,1.0,,,
531,MCKEON (JOSEPH),McKeon (Joseph) Park,ChIJX8eFUTwsDogRCsEHsNEbro8,4.2,13.0,1.0,,,
532,MASON (ELIZABETH),Mason Park,,0.0,0.0,2.0,4100 W. West End Ave.,https://www.chicagoparkdistrict.com/parks-facilities/mason-elizabeth-park,
533,WESTERN,Western Playlot Park,,4.2,9.0,2.0,907 N. Western Ave.,https://www.chicagoparkdistrict.com/parks-facilities/western-park,
534,PARK WEST,Park West Playlot Park,ChIJszcLYQ_TD4gR4m6XCJxYNjU,4.3,26.0,1.0,,,
535,ADAMS (JOHN C.),Adams (John C.) Park,ChIJHfZnnOooDogR4arx5t7Oipc,4.1,18.0,1.0,,,
536,CONNORS (WILLIAM),Connors (William) Park,ChIJ_QOCSFLTD4gRXNEgT-bCLEI,4.5,134.0,1.0,,,
537,ARCADE,Arcade Park,ChIJf_wFAoYmDogRsvBlAuSLgPU,4.6,44.0,1.0,,,
538,AUBURN,,,4.3,98.0,0.0,406 W. Winneconna Pkwy.,https://www.chicagoparkdistrict.com/parks-facilities/auburn-park,
539,LEVIN (JOHN),Levin (John) Park,ChIJt1-CXE8zDogRmuKXa7dPDto,3.9,116.0,1.0,,,
540,AUSTIN (HENRY),Austin Park Playground,,3.0,2.0,2.0,5951 W. Lake St.,https://www.chicagoparkdistrict.com/parks-facilities/austin-henry-park,
541,BARNARD (AMY L.),Barnard Park Playground,ChIJ_zaCdBslDogRHPxt64nJRxM,4.5,25.0,0.0,,,
542,MID-NORTH,Mid-North Park,ChIJ6wU1xBLTD4gRM7JMSyAqb_k,4.3,6.0,1.0,,,
543,BICKERDIKE (GEORGE) SQUARE,Bickerdike Square Park,ChIJ4cwbOywtDogRJ1CCbK3fDlI,4.3,48.0,1.0,,,
544,CHAMBERLAIN TRIANGLE,Chamberlain Triangle Park,ChIJBQ10eeArDogRgUz6KLK-aA8,4.1,7.0,1.0,,,
545,MULBERRY POINT,Mulberry Point Park,ChIJV5crKXTJD4gRnrfwChfVFa4,0.0,0.0,1.0,,,
546,DIXON (LORRAINE),Lorraine Dixon Park,ChIJuz5SucwnDogRHKldBe8uVPA,4.5,2.0,1.0,,,
547,DICKINSON (ARTHUR),Dickinson (Arthur) Park,ChIJzRYsy0DMD4gRlyhjz2TVt0o,4.5,105.0,1.0,,,
548,GREEN (JEFFREY),,,4.8,4.0,0.0,,,
549,ELLIS (SAMUEL),Ellis (Samuel) Park,ChIJdyk-JPIrDogRw89XyCiAELA,4.5,295.0,1.0,,,
550,EUGENIE TRIANGLE,Eugenie Triangle Park,ChIJY5xhL0LTD4gRq3z54lw622M,4.6,8.0,1.0,,,
551,MARIANO (LOUIS),Mariano (Louis) Park,ChIJEY8_2lHTD4gRO-wEhAH9L2Q,4.7,95.0,1.0,,,
552,FERNWOOD PKWY.,Fernwood Parkway Park,,4.0,30.0,0.0,,,
553,HODES (BARNET),Hodes (Barnet) Park,ChIJPxstukApDogRADvVUuK1_sM,0.0,0.0,1.0,,,
554,KINZIE (JOHN) PKWY.,Kinzie Park,ChIJuUpTvcksDogRICvhQRHx1Yw,0.0,0.0,1.0,,,
555,LILY GARDENS,Lily Gardens Park,ChIJuVT8nxcvDogRDtRwL5KVkRY,3.9,24.0,1.0,,,
556,"MELLIN (CURTIS, SR.)",Mellin Playlot Park,ChIJY9BNVTLRD4gRjGFHYQfifbI,5.0,1.0,1.0,,,
557,MYRTLE GROVE,Myrtle Grove Park,ChIJBQq_Cm7JD4gRMCW_ZQJsGlI,4.7,3.0,0.0,,,
558,ADDAMS (JANE) MEML.,,,4.5,224.0,0.0,,,
559,HARRIS (RYAN) MEMORIAL,Ryan Harris Memorial Park,ChIJZeuxyBgvDogRsEXWWYv1j_k,4.3,48.0,1.0,,,
560,NORWOOD CIRCLE,Norwood Circle Park,ChIJJXXx6m_JD4gRgpUEndnY2Gk,4.6,19.0,1.0,,,
561,PULLMAN (GEORGE),,,4.3,4.0,3.0,,,
562,CENTENNIAL,Centennial Park,ChIJtf8yb8LJD4gR1Q6CaZ9dpkE,5.0,1.0,0.0,6068 N. Northwest Highway,https://www.chicagoparkdistrict.com/parks-facilities/centennial-park,By Norwood Train Station
563,BUTTERNUT,Butternut Park,ChIJk1e-RWopDogR6Q7hv2BGWso,4.7,20.0,1.0,,,
564,SENECA,Seneca Park,ChIJd5ldjVTTD4gR_DL5V-QTFfs,4.6,208.0,1.0,,,
565,WASHINGTON SQUARE,Washington Square Park,ChIJIeM5yU3TD4gRFJaNrKRx-u4,4.6,642.0,1.0,,,
566,HARTIGAN (DAVID) BEACH,Hartigan Beach Park,ChIJo0W80gnRD4gRE0QBq56Vw7g,4.6,337.0,1.0,,,
567,DORIA (HELEN) BEACH,Columbia Beach,,4.7,160.0,0.0,1040 W Columbia Ave,https://www.chicagoparkdistrict.com/parks-facilities/helen-doria-beach,"Helen Doria Beach doesn't exist on Google, seems to be Columbia Beach, which is at the right address. "
568,FARGO (JAMES) BEACH,Fargo (James) Beach Park,ChIJAXgWg1TQD4gRI8p12YBQZAQ,4.6,69.0,1.0,,,
569,BERGER (ALBERT),Berger (Albert) Park,ChIJxdmSMQvRD4gRxX8VnJFP80A,4.6,453.0,1.0,,,
570,HOWARD (URE) BEACH,Howard Beach,,4.4,35.0,2.0,,https://www.chicagoparkdistrict.com/parks-facilities/howard-ure-beach-park,"""Howard Beach park"" is permanently closed on Google. ""Howard Beach"" and ""Howard Beach playground"" (at same location) are open"
571,GRIFFIN (MARION MAHONY),Marion Mahony Griffin Beach Park,ChIJv8T5pFTQD4gRe0ICdtNa6jM,4.5,159.0,1.0,,,
572,PARK NO. 593,Park No. 593 Nature Play Space,ChIJ0Qp0UR3ND4gRIqHM_Ovl9PQ,3.4,8.0,1.0,,,
573,JUNEWAY BEACH,Juneway Beach Park,ChIJr1NC_lDQD4gRyrNyA4VKwdA,4.4,103.0,1.0,,,
574,NORTH SHORE BEACH,North Shore Beach Park,ChIJnf0vEQjRD4gR9AE57ZgZF90,4.7,169.0,1.0,,,
575,PRINZ (TOBEY) BEACH,Tobey Prinz Beach Park,ChIJo7p-6wfRD4gRuhnLHdAYCpg,4.7,615.0,1.0,,,
576,ROGERS (PHILLIP) BEACH,Rogers Beach,ChIJrQR6FFHQD4gRFmscNFs7xsA,4.5,284.0,1.0,,,
577,LANE (GEORGE) BEACH,Lane (George) Beach Park,ChIJLbQ7IfbRD4gRKGOqjSJcN-Q,4.6,34.0,1.0,,,
578,LYLE (JOHN),,,4.3,4.0,0.0,,,
579,MIDWAY PLAISANCE,Midway Plaisance Park,ChIJG4eICRcpDogRmkHfjIgToAc,4.6,718.0,1.0,,,
580,JONQUIL,Jonquil Park,ChIJu7YUowPTD4gR0wI-gQ-0Qmo,4.6,305.0,1.0,,,
581,SUMAC,,,4.8,12.0,0.0,,https://www.chicagoparkdistrict.com/parks-facilities/sumac-park,
582,SYCAMORE,Sycamore Park,ChIJrd7nc0IpDogRyyz-SJJJfwI,4.4,17.0,1.0,,,
583,CHESTNUT,,,4.7,3.0,0.0,,https://www.chicagoparkdistrict.com/parks-facilities/chestnut-park,
584,EVERGREEN,Evergreen Park,ChIJ-SsSh6bTD4gRMvHg27NBvPE,4.5,26.0,1.0,,,
585,CLOVER,Clover Park,ChIJpbFXcuTSD4gRxotr-wRBIpw,4.6,36.0,1.0,,,
586,RUIZ (IRMA C.),Irma C Ruiz Park,ChIJC5CTlIwxDogRvvZRrh2VvFY,4.5,33.0,1.0,,,
587,CEDAR,Cedar Playlot Park,ChIJQdwyZn_RD4gRh7VBPLVBMw0,4.5,73.0,1.0,,,
588,AIELLO (JOHN),Aiello (John) Park,ChIJ73dbHmDLD4gRxzJk5iQFE0k,4.0,26.0,1.0,,,
589,FILBERT,Filbert Playlot Park,ChIJEben_kDSD4gRvLftWbLJKAo,4.4,39.0,1.0,,,
590,MAPLE,Maple Playlot Park,,4.7,21.0,0.0,2047 N. Spaulding Ave.,https://www.chicagoparkdistrict.com/parks-facilities/maple-park,
591,MULBERRY,Mulberry Playlot Park,ChIJ4-y4IcgtDogRy19sEP9yrMI,3.9,15.0,1.0,,,
592,PARK NO. 591,,,-1.0,-1.0,0.0,3900 South Lake Park Avenue,https://www.chicagoparkdistrict.com/parks-facilities/park-no-591,"Only thing that comes up near here is Bronzeville Dog Park, which is no. 592"
593,LEE (JOHN),,,4.6,18.0,0.0,,,
594,PINE,Pine Park,ChIJZz7MX8QnDogRghbWFNve0a4,0.0,0.0,0.0,,,
595,JACOLIK (FLORIAN S.),Jacolik (Florian S.) Park,ChIJHwVTrbMtDogRKuVX25uxYrQ,4.4,30.0,1.0,,,
596,PARK NO. 565,Indian Ridge Marsh,,5.0,1.0,0.0,11740 S Torrence Ave,https://www.chicagoparkdistrict.com/parks-facilities/indian-ridge-marsh,
597,BLOOMINGDALE TRAIL,Bloomingdale Trail Park,ChIJlcnbf1_ND4gRDbyuU3VDmlk,4.7,1095.0,1.0,,,
598,PARK NO. 582,,,-1.0,-1.0,0.0,,No,
599,PARK NO. 583,,,0.0,0.0,3.0,10108 S. Exchange Ave.,https://www.chicagoparkdistrict.com/parks-facilities/park-no-583,
600,PARK NO. 585,,,-1.0,-1.0,0.0,6049 S Whipple St,https://www.chicagoparkdistrict.com/parks-facilities/park-no-585,Not marked as a park on google maps and nothing park like at this address
601,PARK NO. 586,,,-1.0,-1.0,0.0,,No,
602,PARK NO. 587,,,-1.0,-1.0,0.0,,No,
603,PARK NO. 584,,,-1.0,-1.0,0.0,,No,
604,PARK NO. 588,,,-1.0,-1.0,0.0,,No,
605,PARK NO. 595,,,-1.0,-1.0,0.0,"813 East 130th Place Riverdale, IL 60827",https://www.chicagoparkdistrict.com/parks-facilities/park-no-595,Not marked as a park on google maps and nothing park like at this address
606,PARK NO. 594,,,-1.0,-1.0,0.0,,No,
607,PARK NO. 589,,,-1.0,-1.0,0.0,,No,
608,PARK NO. 590,,,-1.0,-1.0,4.0,3938-40 S. Indiana Ave.,https://www.chicagoparkdistrict.com/parks-facilities/park-no-590,"""Bronzeville Dog Park"" is the only thing that comes up at this location, but that's Park 592"
609,PARK NO. 592,Bronzeville Dog Park,,4.3,21.0,3.0,4149 -53 S. Vincennes Avenue,https://www.chicagoparkdistrict.com/parks-facilities/park-no-592-2,
610,PARK NO. 596,Brighton Park Community Campus (Park No. 596),,-1.0,-1.0,0.0,,https://www.chicagoparkdistrict.com/park-no-596-project-updates,Seems like it doesn’t exist yet
611,PARK NO. 597,,,-1.0,-1.0,0.0,,No,
612,PARK NO. 598,Park No. 598,ChIJRzYadQ_TD4gR3-FsDJMaU9c,3.8,14.0,1.0,1514 N. Larrabee,https://www.chicagoparkdistrict.com/parks-facilities/park-no-598,
613,PARK NO. 599,,,-1.0,-1.0,0.0,,No,
614,PARK NO. 600,Deadstick Pond Park,,3.5,4.0,0.0,12701 S Stony Island Ave,https://www.chicagoparkdistrict.com/parks-facilities/park-no-600-deadstick-pond,
615,PARK NO. 601,Dunning-Read Natural Area,,0.0,0.0,0.0,4050 North Oak Park Avenue,https://www.chicagoparkdistrict.com/parks-facilities/park-no-601,
616,PARK NO. 602,,,-1.0,-1.0,0.0,,No,
617,SPRUCE,Spruce Park,ChIJq7cd0BspDogR3VJYkxXtuJE,4.3,8.0,2.0,,,
618,LINDEN,Linden Park,ChIJJ4sWGTLND4gRZHNWQUW8k0w,3.5,8.0,2.0,,,
619,HICKORY,Hickory Park,ChIJCVtBVdPTD4gRKv8n37YIAns,4.3,12.0,2.0,,,
620,MINUTEMAN,Minuteman Park,ChIJyRhBSyQxDogRSwTZnTJ4t8o,0.0,0.0,0.0,,,
621,STARS & STRIPES,Stars and Stripes Park,ChIJufqOzOo2DogRdIUBqgt8INY,0.0,0.0,2.0,,,
373,PARK NO. 546,Lakeshore East Park,,4.8,477.0,3.0,450 E. Benton Place,https://www.chicagoparkdistrict.com/parks-facilities/park-no-546,
373,PARK NO. 546,Lakeshore East Dog Park,,4.6,109.0,3.0,450 E. Benton Place,https://www.chicagoparkdistrict.com/parks-facilities/park-no-546,
462,BACK OF THE YARDS,Back of the Yards Park,,0.0,0.0,2.0,,https://www.chicagoparkdistrict.com/parks-facilities/back-yards-park,
508,"LUNT (ORRINGTON, STEPHEN)",Community Garden,,5.0,6.0,2.0,2239 W. Lunt Ave.,https://www.chicagoparkdistrict.com/parks-facilities/lunt-orrington-stephen-park,
532,MASON (ELIZABETH),Mason Playground,ChIJAQVdFtsyDogRreqhxSCefBU,3.7,22.0,2.0,4100 W. West End Ave.,https://www.chicagoparkdistrict.com/parks-facilities/mason-elizabeth-park,
533,WESTERN,Playground Park,,5.0,1.0,2.0,907 N. Western Ave.,https://www.chicagoparkdistrict.com/parks-facilities/western-park,
540,AUSTIN (HENRY),Water Playground,,4.5,4.0,2.0,5951 W. Lake St.,https://www.chicagoparkdistrict.com/parks-facilities/austin-henry-park,
570,HOWARD (URE) BEACH,Howard Beach Playground,,4.4,92.0,2.0,,https://www.chicagoparkdistrict.com/parks-facilities/howard-ure-beach-park,"""Howard Beach park"" is permanently closed on Google. ""Howard Beach"" and ""Howard Beach playground"" (at same location) are open
"